{"cameraMode":{"drawMode":0,"name":"Shaded","section":"Shading Mode"},"sceneLighting":true,"audioPlay":false,"sceneViewState":{"showFog":true,"showMaterialUpdate":false,"showSkybox":false,"showFlares":true,"showImageEffects":true,"showParticleSystems":true},"in2DMode":false,"pivot":{"x":0.003693103790283203,"y":-0.0020003318786621095,"z":-0.09289979934692383},"rotation":{"x":-0.21506786346435548,"y":-0.08047764748334885,"z":0.017809245735406877,"w":-0.9731435179710388},"size":40.010372161865237,"orthographic":false}