{"cameraMode":{"drawMode":0,"name":"Shaded","section":"Shading Mode"},"sceneLighting":true,"audioPlay":false,"sceneViewState":{"showFog":true,"showMaterialUpdate":false,"showSkybox":true,"showFlares":true,"showImageEffects":true,"showParticleSystems":true},"in2DMode":false,"pivot":{"x":116.52274322509766,"y":1.0342161655426026,"z":152.8923797607422},"rotation":{"x":-0.1659841388463974,"y":-0.49481201171875,"z":0.09656502306461334,"w":-0.8476433753967285},"size":45273.80859375,"orthographic":false}